rat id,condition,mpg,adp,succ,rot,fccp,astm,,,,
FH-016,H,13.3981,16.80865,19.4621,18.5641,19.3243,174.57035,,,,
FC-023,C,0.7307,0.8007,1.2464,3.5704,1.4887,41.3906,,,,
MH-014,H,7.2313,19.0858,32.1258,26.6727,24.4797,335.0097,,,,
MH-015,H,2.3322,2.80855,4.3585,5.3896,6.6527,27.77685,,,,
MC-019,C,0.46975,0.53715,0.3008,3.5528,2.1478,8.8179,,,,
