"","X.4","rat.id","condition","mpg","adp","succ","rot","fccp","astm","coupling_efficiency","c1_flux_control","aox_flux_control","excess_c4_capacity"
"1",1,"FH-016","H",13.3981,16.80865,19.4621,18.5641,19.3243,174.57035,0.202904456931401,0.0461409611501328,-0.0409500056560781,8.03372179069876
"2",2,"FC-023","C",0.7307,0.8007,1.2464,3.5704,1.4887,41.3906,0.0874235044336206,-1.86456996148909,0.583043916647995,26.8031839860281
"3",3,"MH-014","H",7.2313,19.0858,32.1258,26.6727,24.4797,335.0097,0.621116222531935,0.169742076461909,0.0822188979743332,12.685204475545
"4",4,"MH-015","H",2.3322,2.80855,4.3585,5.3896,6.6527,27.77685,0.169607092627869,-0.236572215211655,-0.234358765028945,3.17527470049754
"5",5,"MC-019","C",0.46975,0.53715,0.3008,3.5528,2.1478,8.8179,0.125477054826399,-10.811170212766,0.395462733618554,3.10554986497812
